Workbook

Sheet CAPEX -- Hardware
A1: CAPEX -- Eenmalige hardware-investering
A2: Provinciehuis Utrecht | SLTN / ICT Tribe Almere | mei 2026 | Concept
A3: Catalogusprijzen excl. BTW. Bron: merakishop.nl / licensewise.nl. SLTN-inkoopkorting 30% toegepast. BTW 21% over netto inkoopprijs. Meraki aggregation switches (MS425) en SFP-serverroom switches (MS425-16): 3-jarige licentie. MS150-24MP-4X prijs: indicatief op basis van NL-resellers (merakishop.nl op aanvraag).
A4: Component | B4: SKU | C4: Aantal | D4: Catalogusprijs/stuk (excl. BTW) | E4: Netto/stuk (−30%) | F4: Totaal netto (excl. BTW) | G4: BTW 21% | H4: Totaal (incl. BTW)
A5: FortiGate 600F hardware (HA-cluster, 2 nodes) | B5: FG-600F | C5: 2 | D5: 14000 | E5: =D5*0.7 -> 9800 | F5: =C5*E5 -> 19600 | G5: =F5*0.21 -> 4116 | H5: =F5+G5 -> 23716
A6: Meraki MS425-32 core switch L3 (Core-A) | B6: MS425-32-HW | C6: 1 | D6: 14800 | E6: =D6*0.7 -> 10360 | F6: =C6*E6 -> 10360 | G6: =F6*0.21 -> 2175.6 | H6: =F6+G6 -> 12535.6
A7: Meraki MS425-32 core switch L3 (Core-B) | B7: MS425-32-HW | C7: 1 | D7: 14800 | E7: =D7*0.7 -> 10360 | F7: =C7*E7 -> 10360 | G7: =F7*0.21 -> 2175.6 | H7: =F7+G7 -> 12535.6
A8: Meraki MS425-16 server switch-stack (2x gestacked) | B8: MS425-16-HW | C8: 2 | D8: 12260 | E8: =D8*0.7 -> 8582 | F8: =C8*E8 -> 17164 | G8: =F8*0.21 -> 3604.44 | H8: =F8+G8 -> 20768.44
A9: Meraki MS425-16 DMZ switch-stack (2x gestacked) | B9: MS425-16-HW | C9: 2 | D9: 12260 | E9: =D9*0.7 -> 8582 | F9: =C9*E9 -> 17164 | G9: =F9*0.21 -> 3604.44 | H9: =F9+G9 -> 20768.44
A10: Meraki MS150-24MP-4X BG PoE AP switch (24p mGig) | B10: MS150-24MP-4X | C10: 2 | D10: 3063 | E10: =D10*0.7 -> 2144.1 | F10: =C10*E10 -> 4288.2 | G10: =F10*0.21 -> 900.522 | H10: =F10+G10 -> 5188.722
A11: Meraki MS150-48FP-4X BG PoE 48p (cam/toegang) | B11: MS150-48FP-4X | C11: 2 | D11: 3279.99 | E11: =D11*0.7 -> 2295.993 | F11: =C11*E11 -> 4591.986 | G11: =F11*0.21 -> 964.31706 | H11: =F11+G11 -> 5556.3031
A12: Meraki MS150-48T-4X BG data switch SW-BG (1x gestacked met PoE) | B12: MS150-48T-4X | C12: 1 | D12: 2379.99 | E12: =D12*0.7 -> 1665.993 | F12: =C12*E12 -> 1665.993 | G12: =F12*0.21 -> 349.85853 | H12: =F12+G12 -> 2015.8515
A13: Meraki MS150-48T-4X NK data 48p (10 NK x 2) | B13: MS150-48T-4X | C13: 20 | D13: 2379.99 | E13: =D13*0.7 -> 1665.993 | F13: =C13*E13 -> 33319.86 | G13: =F13*0.21 -> 6997.1706 | H13: =F13+G13 -> 40317.031
A14: Meraki MS150-24MP-4X NK PoE 24p (10 NK x 1) | B14: MS150-24MP-4X | C14: 10 | D14: 3063 | E14: =D14*0.7 -> 2144.1 | F14: =C14*E14 -> 21441 | G14: =F14*0.21 -> 4502.61 | H14: =F14+G14 -> 25943.61
A15: Meraki MR46 Wi-Fi 6 indoor AP (open vloer/kantine/Statenzaal) | B15: MR46-HW | C15: 68 | D15: 1124.99 | E15: =D15*0.7 -> 787.493 | F15: =C15*E15 -> 53549.524 | G15: =F15*0.21 -> 11245.4 | H15: =F15+G15 -> 64794.924
A16: Meraki MR36 Wi-Fi 6 indoor AP (vergaderzalen/overige BG) | B16: MR36-HW | C16: 23 | D16: 484.99 | E16: =D16*0.7 -> 339.493 | F16: =C16*E16 -> 7808.339 | G16: =F16*0.21 -> 1639.7512 | H16: =F16+G16 -> 9448.0902
A17: PM – nader te specificeren
A18: TOTAAL CAPEX | F18: =SUM(F5:F17) -> 201312.9 | G18: =SUM(G5:G17) -> 42275.709 | H18: =SUM(H5:H17) -> 243588.61
A20: Bronnen: merakishop.nl (Meraki hardware, excl. BTW, mei 2026) | FortiGate 600F hardware: indicatief op basis van marktprijs NL-resellers (op offerte) | MS150-24MP-4X: indicatief o.b.v. Bechtle/ARP NL (merakishop.nl op aanvraag) | SLTN-inkoopkorting 30% conform opgave begeleider.

Sheet OPEX -- Licenties
A1: OPEX -- Jaarlijks terugkerende licentiekosten
A2: Provinciehuis Utrecht | SLTN / ICT Tribe Almere | mei 2026 | Concept
A3: Licenties zijn 3-jarig tenzij anders vermeld. Catalogusprijzen excl. BTW. SLTN-inkoopkorting 30% toegepast. BTW 21% over netto inkoopprijs. Meraki MS425 en MS150 licenties: 3-jaar termijn. MR licenties: 3-jaar termijn. Bedragen per jaar weergegeven (3-jaar catalogusprijs ÷ 3).
A4: Component | B4: SKU / licentienummer | C4: Aantal | D4: Catalogusprijs/stuk 3jr (excl. BTW) | E4: Netto/stuk 3jr (−30%) | F4: Totaal netto 3jr (excl. BTW) | G4: BTW 21% 3jr | H4: Totaal 3jr (incl. BTW)
A5: FortiGate 600F UTP licentie (node 1) | B5: FC-10-0600F-950-02-12 | C5: 1 | D5: 33328.56 | E5: =D5*0.7 -> 23329.992 | F5: =C5*E5 -> 23329.992 | G5: =F5*0.21 -> 4899.2983 | H5: =F5+G5 -> 28229.29
A6: FortiGate 600F UTP licentie (node 2) | B6: FC-10-0600F-950-02-12 | C6: 1 | D6: 33328.56 | E6: =D6*0.7 -> 23329.992 | F6: =C6*E6 -> 23329.992 | G6: =F6*0.21 -> 4899.2983 | H6: =F6+G6 -> 28229.29
A7: FortiGate 600F FortiCare Premium (node 1) | B7: FC-10-0600F-247-02-12 | C7: 1 | D7: 9685.2 | E7: =D7*0.7 -> 6779.64 | F7: =C7*E7 -> 6779.64 | G7: =F7*0.21 -> 1423.7244 | H7: =F7+G7 -> 8203.3644
A8: FortiGate 600F FortiCare Premium (node 2) | B8: FC-10-0600F-247-02-12 | C8: 1 | D8: 9685.2 | E8: =D8*0.7 -> 6779.64 | F8: =C8*E8 -> 6779.64 | G8: =F8*0.21 -> 1423.7244 | H8: =F8+G8 -> 8203.3644
A9: Meraki MS425-32 Enterprise lic. 3jr (core, 2x) | B9: LIC-MS425-32-3YR | C9: 2 | D9: 1650 | E9: =D9*0.7 -> 1155 | F9: =C9*E9 -> 2310 | G9: =F9*0.21 -> 485.1 | H9: =F9+G9 -> 2795.1
A10: Meraki MS425-16 Enterprise lic. 3jr (server/DMZ, 4x) | B10: LIC-MS425-16-3YR | C10: 4 | D10: 1700 | E10: =D10*0.7 -> 1190 | F10: =C10*E10 -> 4760 | G10: =F10*0.21 -> 999.6 | H10: =F10+G10 -> 5759.6
A11: Meraki MS150-48 Enterprise lic. 3jr (NK data, 20x) | B11: LIC-MS150-48-3YR | C11: 20 | D11: 309.5 | E11: =D11*0.7 -> 216.65 | F11: =C11*E11 -> 4333 | G11: =F11*0.21 -> 909.93 | H11: =F11+G11 -> 5242.93
A12: Meraki MS150-48 Enterprise lic. 3jr (BG data switch SW-BG, 1x) | B12: LIC-MS150-48-3YR | C12: 1 | D12: 309.5 | E12: =D12*0.7 -> 216.65 | F12: =C12*E12 -> 216.65 | G12: =F12*0.21 -> 45.4965 | H12: =F12+G12 -> 262.1465
A13: Meraki MS150-48 Adv. lic. 3jr (BG PoE 48p, 2x) | B13: LIC-MS150-48A-3YR | C13: 2 | D13: 639.5 | E13: =D13*0.7 -> 447.65 | F13: =C13*E13 -> 895.3 | G13: =F13*0.21 -> 188.013 | H13: =F13+G13 -> 1083.313
A14: Meraki MS150-24 Enterprise lic. 3jr (NK/BG PoE, 12x) | B14: LIC-MS150-24-3YR | C14: 12 | D14: 309.5 | E14: =D14*0.7 -> 216.65 | F14: =C14*E14 -> 2599.8 | G14: =F14*0.21 -> 545.958 | H14: =F14+G14 -> 3145.758
A15: Meraki MR Enterprise lic. 3jr (91 APs) | B15: LIC-MR-ENT-3YR | C15: 91 | D15: 240 | E15: =D15*0.7 -> 168 | F15: =C15*E15 -> 15288 | G15: =F15*0.21 -> 3210.48 | H15: =F15+G15 -> 18498.48
A16: PM – nader te specificeren
A17: TOTAAL OPEX 3 jaar | F17: =SUM(F5:F16) -> 90622.014 | G17: =SUM(G5:G16) -> 19030.623 | H17: =SUM(H5:H16) -> 109652.64
A18: TOTAAL OPEX per jaar (÷ 3) | F18: =F17/3 -> 30207.338 | G18: =G17/3 -> 6343.541 | H18: =H17/3 -> 36550.879
A20: Bronnen: licensewise.nl (FortiGate 600F UTP €11.109,52/jr + FortiCare Premium €3.228,40/jr, excl. BTW, mei 2026) | merakishop.nl (Meraki MS425/MS150/MR Enterprise licenties 3jr, excl. BTW, mei 2026) | SLTN-inkoopkorting 30% conform opgave begeleider.

Sheet Samenvatting
A1: Budgetsamenvatting -- Totaalkosten
A2: Provinciehuis Utrecht | SLTN / ICT Tribe Almere | mei 2026 | Concept
A3: Kostenpost | B3: Netto (excl. BTW) | C3: BTW 21% | D3: Totaal (incl. BTW)
A4: CAPEX -- Hardware (eenmalig) | B4: ='CAPEX -- Hardware'!F18 -> 201312.9 | C4: ='CAPEX -- Hardware'!G18 -> 42275.709 | D4: ='CAPEX -- Hardware'!H18 -> 243588.61
A5: OPEX -- Licenties 3 jaar totaal | B5: ='OPEX -- Licenties'!F17 -> 90622.014 | C5: ='OPEX -- Licenties'!G17 -> 19030.623 | D5: ='OPEX -- Licenties'!H17 -> 109652.64
A6: OPEX -- Licenties per jaar | B6: ='OPEX -- Licenties'!F18 -> 30207.338 | C6: ='OPEX -- Licenties'!G18 -> 6343.541 | D6: ='OPEX -- Licenties'!H18 -> 36550.879
A8: TCO -- CAPEX + OPEX 3 jaar | B8: =B4+B5 -> 291934.92 | C8: =C4+C5 -> 61306.332 | D8: =D4+D5 -> 353241.25
A10: Aannames en voorbehouden • Alle bedragen in EUR excl. BTW tenzij anders vermeld. BTW 21% berekend over netto inkoopprijs. • Hardware catalogusprijzen: merakishop.nl (Meraki) en indicatieve marktprijs NL-resellers (FortiGate 600F). • Licentiecatalogusprijzen: licensewise.nl (FortiGate) en merakishop.nl (Meraki), excl. BTW. • SLTN-inkoopkorting 30% op catalogusprijs toegepast conform opgave begeleider. • Meraki-licenties zijn per device verplicht -- zonder licentie geen cloudbeheer. Looptijd 3 jaar. • MS425-serie (core + server/DMZ): aggregation switches, 3-jaar Enterprise licentie. • MS150-24MP-4X: multigigabit PoE switch voor MR46 APs (2.5G interface). Prijs indicatief. • FortiGate 600F hardware: exacte prijs via offerte; indicatief bedrag gehanteerd. • FortiGate licenties: UTP-bundel (IPS, AV, webfiltering, antispam) + FortiCare Premium (NBD-support). • TCO 3 jaar = CAPEX eenmalig + OPEX 3 jaar totaal. • Patchpanelen, bekabeling, racks, UPS en klimaatbeheersing zijn NIET opgenomen. • Dit is een conceptbudget ter indicatie. Definitieve prijs via offertetraject bij leverancier/SLTN.
